{
  "seed": 1024,
  "splits": [
    {
      "num_episodes": 100,
      "success_rate_mean": 0.99,
      "success_rate_std": 0.09949874371066199,
      "success_rate_se": 0.0099498743710662,
      "success_rate_ci_95_lower": 0.9704982462327102,
      "success_rate_ci_95_upper": 1.0,
      "avg_steps_mean": 41.5,
      "avg_steps_std": 27.159344616540363,
      "avg_time_mean": 0.08313632011413574,
      "avg_time_std": 0.05509633442459829,
      "avg_collisions": 0.0,
      "grasp_success_rate": 0.0,
      "failures_by_phase": [
        0,
        0,
        0,
        0,
        1,
        0
      ],
      "split_name": "standard",
      "split_description": "In-distribution positions",
      "phase_prediction_accuracy": 0.9232323232323232
    },
    {
      "num_episodes": 100,
      "success_rate_mean": 0.99,
      "success_rate_std": 0.09949874371066199,
      "success_rate_se": 0.0099498743710662,
      "success_rate_ci_95_lower": 0.9704982462327102,
      "success_rate_ci_95_upper": 1.0,
      "avg_steps_mean": 41.5,
      "avg_steps_std": 27.159344616540363,
      "avg_time_mean": 0.08354042053222656,
      "avg_time_std": 0.05548559750411008,
      "avg_collisions": 0.0,
      "grasp_success_rate": 0.0,
      "failures_by_phase": [
        0,
        0,
        0,
        0,
        1,
        0
      ],
      "split_name": "extended",
      "split_description": "Extended position range",
      "phase_prediction_accuracy": 0.9232323232323232
    },
    {
      "num_episodes": 100,
      "success_rate_mean": 0.99,
      "success_rate_std": 0.09949874371066199,
      "success_rate_se": 0.0099498743710662,
      "success_rate_ci_95_lower": 0.9704982462327102,
      "success_rate_ci_95_upper": 1.0,
      "avg_steps_mean": 41.5,
      "avg_steps_std": 27.159344616540363,
      "avg_time_mean": 0.09399351358413696,
      "avg_time_std": 0.06462618920972651,
      "avg_collisions": 0.0,
      "grasp_success_rate": 0.0,
      "failures_by_phase": [
        0,
        0,
        0,
        0,
        1,
        0
      ],
      "split_name": "corners",
      "split_description": "Corner positions (hard cases)",
      "phase_prediction_accuracy": 0.9232323232323232
    }
  ],
  "mean_success_across_splits": 0.9899999999999999,
  "std_success_across_splits": 1.1102230246251565e-16
}