{
  "seed": 123,
  "splits": [
    {
      "num_episodes": 100,
      "success_rate_mean": 0.99,
      "success_rate_std": 0.09949874371066199,
      "success_rate_se": 0.0099498743710662,
      "success_rate_ci_95_lower": 0.9704982462327102,
      "success_rate_ci_95_upper": 1.0,
      "avg_steps_mean": 40.11,
      "avg_steps_std": 29.81439082054168,
      "avg_time_mean": 0.2033573079109192,
      "avg_time_std": 0.2041104903405858,
      "avg_collisions": 0.0,
      "grasp_success_rate": 0.0,
      "failures_by_phase": [
        0,
        0,
        0,
        0,
        1,
        0
      ],
      "split_name": "standard",
      "split_description": "In-distribution positions",
      "phase_prediction_accuracy": 0.9
    },
    {
      "num_episodes": 100,
      "success_rate_mean": 0.99,
      "success_rate_std": 0.09949874371066199,
      "success_rate_se": 0.0099498743710662,
      "success_rate_ci_95_lower": 0.9704982462327102,
      "success_rate_ci_95_upper": 1.0,
      "avg_steps_mean": 40.11,
      "avg_steps_std": 29.81439082054168,
      "avg_time_mean": 0.2123325514793396,
      "avg_time_std": 0.1936951200394214,
      "avg_collisions": 0.0,
      "grasp_success_rate": 0.0,
      "failures_by_phase": [
        0,
        0,
        0,
        0,
        1,
        0
      ],
      "split_name": "extended",
      "split_description": "Extended position range",
      "phase_prediction_accuracy": 0.9
    },
    {
      "num_episodes": 100,
      "success_rate_mean": 0.99,
      "success_rate_std": 0.09949874371066199,
      "success_rate_se": 0.0099498743710662,
      "success_rate_ci_95_lower": 0.9704982462327102,
      "success_rate_ci_95_upper": 1.0,
      "avg_steps_mean": 40.11,
      "avg_steps_std": 29.81439082054168,
      "avg_time_mean": 0.16649357557296754,
      "avg_time_std": 0.13387314058215252,
      "avg_collisions": 0.0,
      "grasp_success_rate": 0.0,
      "failures_by_phase": [
        0,
        0,
        0,
        0,
        1,
        0
      ],
      "split_name": "corners",
      "split_description": "Corner positions (hard cases)",
      "phase_prediction_accuracy": 0.9
    }
  ],
  "mean_success_across_splits": 0.9899999999999999,
  "std_success_across_splits": 1.1102230246251565e-16
}