{
  "seed": 123,
  "splits": [
    {
      "num_episodes": 100,
      "success_rate_mean": 0.98,
      "success_rate_std": 0.13999999999999999,
      "success_rate_se": 0.013999999999999999,
      "success_rate_ci_95_lower": 0.95256,
      "success_rate_ci_95_upper": 1.0,
      "avg_steps_mean": 40.31,
      "avg_steps_std": 26.60815476503397,
      "avg_time_mean": 0.12888262510299683,
      "avg_time_std": 0.08468981458897448,
      "avg_collisions": 0.0,
      "grasp_success_rate": 0.0,
      "failures_by_phase": [
        0,
        0,
        0,
        0,
        2,
        0
      ],
      "split_name": "standard",
      "split_description": "In-distribution positions",
      "phase_prediction_accuracy": 0.9055299539170507
    },
    {
      "num_episodes": 100,
      "success_rate_mean": 0.98,
      "success_rate_std": 0.13999999999999999,
      "success_rate_se": 0.013999999999999999,
      "success_rate_ci_95_lower": 0.95256,
      "success_rate_ci_95_upper": 1.0,
      "avg_steps_mean": 40.31,
      "avg_steps_std": 26.60815476503397,
      "avg_time_mean": 0.13022189378738402,
      "avg_time_std": 0.08907250085162403,
      "avg_collisions": 0.0,
      "grasp_success_rate": 0.0,
      "failures_by_phase": [
        0,
        0,
        0,
        0,
        2,
        0
      ],
      "split_name": "extended",
      "split_description": "Extended position range",
      "phase_prediction_accuracy": 0.9055299539170507
    },
    {
      "num_episodes": 100,
      "success_rate_mean": 0.98,
      "success_rate_std": 0.13999999999999999,
      "success_rate_se": 0.013999999999999999,
      "success_rate_ci_95_lower": 0.95256,
      "success_rate_ci_95_upper": 1.0,
      "avg_steps_mean": 40.31,
      "avg_steps_std": 26.60815476503397,
      "avg_time_mean": 0.12972055673599242,
      "avg_time_std": 0.08528050813813176,
      "avg_collisions": 0.0,
      "grasp_success_rate": 0.0,
      "failures_by_phase": [
        0,
        0,
        0,
        0,
        2,
        0
      ],
      "split_name": "corners",
      "split_description": "Corner positions (hard cases)",
      "phase_prediction_accuracy": 0.9055299539170507
    }
  ],
  "mean_success_across_splits": 0.98,
  "std_success_across_splits": 0.0
}