{
  "seed": 123,
  "splits": [
    {
      "num_episodes": 100,
      "success_rate_mean": 0.99,
      "success_rate_std": 0.09949874371066199,
      "success_rate_se": 0.0099498743710662,
      "success_rate_ci_95_lower": 0.9704982462327102,
      "success_rate_ci_95_upper": 1.0,
      "avg_steps_mean": 37.65,
      "avg_steps_std": 26.08922191250632,
      "avg_time_mean": 0.11686786651611328,
      "avg_time_std": 0.08195665267388938,
      "avg_collisions": 0.0,
      "grasp_success_rate": 0.0,
      "failures_by_phase": [
        0,
        0,
        0,
        0,
        1,
        0
      ],
      "split_name": "standard",
      "split_description": "In-distribution positions",
      "phase_prediction_accuracy": 0.8895184135977338
    },
    {
      "num_episodes": 100,
      "success_rate_mean": 0.99,
      "success_rate_std": 0.09949874371066199,
      "success_rate_se": 0.0099498743710662,
      "success_rate_ci_95_lower": 0.9704982462327102,
      "success_rate_ci_95_upper": 1.0,
      "avg_steps_mean": 37.65,
      "avg_steps_std": 26.08922191250632,
      "avg_time_mean": 0.11564036846160888,
      "avg_time_std": 0.08222546702792569,
      "avg_collisions": 0.0,
      "grasp_success_rate": 0.0,
      "failures_by_phase": [
        0,
        0,
        0,
        0,
        1,
        0
      ],
      "split_name": "extended",
      "split_description": "Extended position range",
      "phase_prediction_accuracy": 0.8895184135977338
    },
    {
      "num_episodes": 100,
      "success_rate_mean": 0.99,
      "success_rate_std": 0.09949874371066199,
      "success_rate_se": 0.0099498743710662,
      "success_rate_ci_95_lower": 0.9704982462327102,
      "success_rate_ci_95_upper": 1.0,
      "avg_steps_mean": 37.65,
      "avg_steps_std": 26.08922191250632,
      "avg_time_mean": 0.16040068626403808,
      "avg_time_std": 0.15033560644702773,
      "avg_collisions": 0.0,
      "grasp_success_rate": 0.0,
      "failures_by_phase": [
        0,
        0,
        0,
        0,
        1,
        0
      ],
      "split_name": "corners",
      "split_description": "Corner positions (hard cases)",
      "phase_prediction_accuracy": 0.8895184135977338
    }
  ],
  "mean_success_across_splits": 0.9899999999999999,
  "std_success_across_splits": 1.1102230246251565e-16
}