{
  "seed": 1024,
  "splits": [
    {
      "num_episodes": 100,
      "success_rate_mean": 0.99,
      "success_rate_std": 0.09949874371066199,
      "success_rate_se": 0.0099498743710662,
      "success_rate_ci_95_lower": 0.9704982462327102,
      "success_rate_ci_95_upper": 1.0,
      "avg_steps_mean": 41.95,
      "avg_steps_std": 29.43615973594382,
      "avg_time_mean": 0.11581712245941161,
      "avg_time_std": 0.08200063901819199,
      "avg_collisions": 0.0,
      "grasp_success_rate": 0.0,
      "failures_by_phase": [
        0,
        0,
        0,
        0,
        1,
        0
      ],
      "split_name": "standard",
      "split_description": "In-distribution positions",
      "phase_prediction_accuracy": 0.903755868544601
    },
    {
      "num_episodes": 100,
      "success_rate_mean": 0.99,
      "success_rate_std": 0.09949874371066199,
      "success_rate_se": 0.0099498743710662,
      "success_rate_ci_95_lower": 0.9704982462327102,
      "success_rate_ci_95_upper": 1.0,
      "avg_steps_mean": 41.95,
      "avg_steps_std": 29.43615973594382,
      "avg_time_mean": 0.1148361611366272,
      "avg_time_std": 0.08112967453397771,
      "avg_collisions": 0.0,
      "grasp_success_rate": 0.0,
      "failures_by_phase": [
        0,
        0,
        0,
        0,
        1,
        0
      ],
      "split_name": "extended",
      "split_description": "Extended position range",
      "phase_prediction_accuracy": 0.903755868544601
    },
    {
      "num_episodes": 100,
      "success_rate_mean": 0.99,
      "success_rate_std": 0.09949874371066199,
      "success_rate_se": 0.0099498743710662,
      "success_rate_ci_95_lower": 0.9704982462327102,
      "success_rate_ci_95_upper": 1.0,
      "avg_steps_mean": 41.95,
      "avg_steps_std": 29.43615973594382,
      "avg_time_mean": 0.12867646932601928,
      "avg_time_std": 0.09305388931354813,
      "avg_collisions": 0.0,
      "grasp_success_rate": 0.0,
      "failures_by_phase": [
        0,
        0,
        0,
        0,
        1,
        0
      ],
      "split_name": "corners",
      "split_description": "Corner positions (hard cases)",
      "phase_prediction_accuracy": 0.903755868544601
    }
  ],
  "mean_success_across_splits": 0.9899999999999999,
  "std_success_across_splits": 1.1102230246251565e-16
}