{
  "seed": 456,
  "splits": [
    {
      "num_episodes": 100,
      "success_rate_mean": 0.96,
      "success_rate_std": 0.19595917942265426,
      "success_rate_se": 0.019595917942265426,
      "success_rate_ci_95_lower": 0.9215920008331597,
      "success_rate_ci_95_upper": 0.9984079991668402,
      "avg_steps_mean": 43.04,
      "avg_steps_std": 34.557754556683804,
      "avg_time_mean": 0.18257672548294068,
      "avg_time_std": 0.15309174315693472,
      "avg_collisions": 0.0,
      "grasp_success_rate": 0.0,
      "failures_by_phase": [
        0,
        0,
        0,
        0,
        4,
        0
      ],
      "split_name": "standard",
      "split_description": "In-distribution positions",
      "phase_prediction_accuracy": 0.9038961038961039
    },
    {
      "num_episodes": 100,
      "success_rate_mean": 0.96,
      "success_rate_std": 0.19595917942265426,
      "success_rate_se": 0.019595917942265426,
      "success_rate_ci_95_lower": 0.9215920008331597,
      "success_rate_ci_95_upper": 0.9984079991668402,
      "avg_steps_mean": 43.04,
      "avg_steps_std": 34.557754556683804,
      "avg_time_mean": 0.1614190673828125,
      "avg_time_std": 0.1318438091573525,
      "avg_collisions": 0.0,
      "grasp_success_rate": 0.0,
      "failures_by_phase": [
        0,
        0,
        0,
        0,
        4,
        0
      ],
      "split_name": "extended",
      "split_description": "Extended position range",
      "phase_prediction_accuracy": 0.9038961038961039
    },
    {
      "num_episodes": 100,
      "success_rate_mean": 0.96,
      "success_rate_std": 0.19595917942265426,
      "success_rate_se": 0.019595917942265426,
      "success_rate_ci_95_lower": 0.9215920008331597,
      "success_rate_ci_95_upper": 0.9984079991668402,
      "avg_steps_mean": 43.04,
      "avg_steps_std": 34.557754556683804,
      "avg_time_mean": 0.17592557430267333,
      "avg_time_std": 0.1383764827747365,
      "avg_collisions": 0.0,
      "grasp_success_rate": 0.0,
      "failures_by_phase": [
        0,
        0,
        0,
        0,
        4,
        0
      ],
      "split_name": "corners",
      "split_description": "Corner positions (hard cases)",
      "phase_prediction_accuracy": 0.9038961038961039
    }
  ],
  "mean_success_across_splits": 0.96,
  "std_success_across_splits": 0.0
}