{
  "seed": 789,
  "splits": [
    {
      "num_episodes": 100,
      "success_rate_mean": 0.95,
      "success_rate_std": 0.21794494717703375,
      "success_rate_se": 0.021794494717703373,
      "success_rate_ci_95_lower": 0.9072827903533014,
      "success_rate_ci_95_upper": 0.9927172096466985,
      "avg_steps_mean": 46.87,
      "avg_steps_std": 37.44533482291219,
      "avg_time_mean": 0.08704221963882447,
      "avg_time_std": 0.06728102041789805,
      "avg_collisions": 0.0,
      "grasp_success_rate": 0.0,
      "failures_by_phase": [
        0,
        0,
        0,
        0,
        5,
        0
      ],
      "split_name": "standard",
      "split_description": "In-distribution positions",
      "phase_prediction_accuracy": 0.9434697855750487
    },
    {
      "num_episodes": 100,
      "success_rate_mean": 0.95,
      "success_rate_std": 0.21794494717703375,
      "success_rate_se": 0.021794494717703373,
      "success_rate_ci_95_lower": 0.9072827903533014,
      "success_rate_ci_95_upper": 0.9927172096466985,
      "avg_steps_mean": 46.87,
      "avg_steps_std": 37.44533482291219,
      "avg_time_mean": 0.08336601495742797,
      "avg_time_std": 0.06648828899328464,
      "avg_collisions": 0.0,
      "grasp_success_rate": 0.0,
      "failures_by_phase": [
        0,
        0,
        0,
        0,
        5,
        0
      ],
      "split_name": "extended",
      "split_description": "Extended position range",
      "phase_prediction_accuracy": 0.9434697855750487
    },
    {
      "num_episodes": 100,
      "success_rate_mean": 0.95,
      "success_rate_std": 0.21794494717703375,
      "success_rate_se": 0.021794494717703373,
      "success_rate_ci_95_lower": 0.9072827903533014,
      "success_rate_ci_95_upper": 0.9927172096466985,
      "avg_steps_mean": 46.87,
      "avg_steps_std": 37.44533482291219,
      "avg_time_mean": 0.08807849884033203,
      "avg_time_std": 0.0716223287605761,
      "avg_collisions": 0.0,
      "grasp_success_rate": 0.0,
      "failures_by_phase": [
        0,
        0,
        0,
        0,
        5,
        0
      ],
      "split_name": "corners",
      "split_description": "Corner positions (hard cases)",
      "phase_prediction_accuracy": 0.9434697855750487
    }
  ],
  "mean_success_across_splits": 0.9499999999999998,
  "std_success_across_splits": 1.1102230246251565e-16
}