{
  "method": "bc_iql_sweep_K4_noise0.0",
  "num_seeds": 5,
  "episodes_per_seed": 100,
  "total_episodes": 500,
  "all_seed_results": [
    {
      "seed": 42,
      "splits": [
        {
          "num_episodes": 100,
          "success_rate_mean": 0.97,
          "success_rate_std": 0.17058722109231983,
          "success_rate_se": 0.017058722109231983,
          "success_rate_ci_95_lower": 0.9365649046659053,
          "success_rate_ci_95_upper": 1.0,
          "avg_steps_mean": 44.78,
          "avg_steps_std": 34.09269129886932,
          "avg_time_mean": 0.10653862714767456,
          "avg_time_std": 0.09700580097663736,
          "avg_collisions": 0.0,
          "grasp_success_rate": 0.0,
          "failures_by_phase": [
            0,
            0,
            0,
            0,
            3,
            0
          ],
          "split_name": "standard",
          "split_description": "In-distribution positions",
          "phase_prediction_accuracy": 0.9269662921348315
        },
        {
          "num_episodes": 100,
          "success_rate_mean": 0.97,
          "success_rate_std": 0.17058722109231983,
          "success_rate_se": 0.017058722109231983,
          "success_rate_ci_95_lower": 0.9365649046659053,
          "success_rate_ci_95_upper": 1.0,
          "avg_steps_mean": 44.78,
          "avg_steps_std": 34.09269129886932,
          "avg_time_mean": 0.10253519296646119,
          "avg_time_std": 0.08436904626233628,
          "avg_collisions": 0.0,
          "grasp_success_rate": 0.0,
          "failures_by_phase": [
            0,
            0,
            0,
            0,
            3,
            0
          ],
          "split_name": "extended",
          "split_description": "Extended position range",
          "phase_prediction_accuracy": 0.9269662921348315
        },
        {
          "num_episodes": 100,
          "success_rate_mean": 0.97,
          "success_rate_std": 0.17058722109231983,
          "success_rate_se": 0.017058722109231983,
          "success_rate_ci_95_lower": 0.9365649046659053,
          "success_rate_ci_95_upper": 1.0,
          "avg_steps_mean": 44.78,
          "avg_steps_std": 34.09269129886932,
          "avg_time_mean": 0.0963515305519104,
          "avg_time_std": 0.07514390421549086,
          "avg_collisions": 0.0,
          "grasp_success_rate": 0.0,
          "failures_by_phase": [
            0,
            0,
            0,
            0,
            3,
            0
          ],
          "split_name": "corners",
          "split_description": "Corner positions (hard cases)",
          "phase_prediction_accuracy": 0.9269662921348315
        }
      ],
      "mean_success_across_splits": 0.9700000000000001,
      "std_success_across_splits": 1.1102230246251565e-16
    },
    {
      "seed": 123,
      "splits": [
        {
          "num_episodes": 100,
          "success_rate_mean": 0.95,
          "success_rate_std": 0.21794494717703372,
          "success_rate_se": 0.021794494717703373,
          "success_rate_ci_95_lower": 0.9072827903533014,
          "success_rate_ci_95_upper": 0.9927172096466985,
          "avg_steps_mean": 45.34,
          "avg_steps_std": 37.001681042893175,
          "avg_time_mean": 0.09904378175735473,
          "avg_time_std": 0.07895911358713761,
          "avg_collisions": 0.0,
          "grasp_success_rate": 0.0,
          "failures_by_phase": [
            0,
            0,
            0,
            0,
            5,
            0
          ],
          "split_name": "standard",
          "split_description": "In-distribution positions",
          "phase_prediction_accuracy": 0.9138576779026217
        },
        {
          "num_episodes": 100,
          "success_rate_mean": 0.95,
          "success_rate_std": 0.21794494717703372,
          "success_rate_se": 0.021794494717703373,
          "success_rate_ci_95_lower": 0.9072827903533014,
          "success_rate_ci_95_upper": 0.9927172096466985,
          "avg_steps_mean": 45.34,
          "avg_steps_std": 37.001681042893175,
          "avg_time_mean": 0.10685134649276734,
          "avg_time_std": 0.08597844864195643,
          "avg_collisions": 0.0,
          "grasp_success_rate": 0.0,
          "failures_by_phase": [
            0,
            0,
            0,
            0,
            5,
            0
          ],
          "split_name": "extended",
          "split_description": "Extended position range",
          "phase_prediction_accuracy": 0.9138576779026217
        },
        {
          "num_episodes": 100,
          "success_rate_mean": 0.95,
          "success_rate_std": 0.21794494717703372,
          "success_rate_se": 0.021794494717703373,
          "success_rate_ci_95_lower": 0.9072827903533014,
          "success_rate_ci_95_upper": 0.9927172096466985,
          "avg_steps_mean": 45.34,
          "avg_steps_std": 37.001681042893175,
          "avg_time_mean": 0.09758973598480225,
          "avg_time_std": 0.07802082453010323,
          "avg_collisions": 0.0,
          "grasp_success_rate": 0.0,
          "failures_by_phase": [
            0,
            0,
            0,
            0,
            5,
            0
          ],
          "split_name": "corners",
          "split_description": "Corner positions (hard cases)",
          "phase_prediction_accuracy": 0.9138576779026217
        }
      ],
      "mean_success_across_splits": 0.9499999999999998,
      "std_success_across_splits": 1.1102230246251565e-16
    },
    {
      "seed": 456,
      "splits": [
        {
          "num_episodes": 100,
          "success_rate_mean": 0.96,
          "success_rate_std": 0.19595917942265423,
          "success_rate_se": 0.019595917942265423,
          "success_rate_ci_95_lower": 0.9215920008331597,
          "success_rate_ci_95_upper": 0.9984079991668402,
          "avg_steps_mean": 43.93,
          "avg_steps_std": 34.128362105439514,
          "avg_time_mean": 0.09720445394515992,
          "avg_time_std": 0.07671353491392235,
          "avg_collisions": 0.0,
          "grasp_success_rate": 0.0,
          "failures_by_phase": [
            0,
            0,
            0,
            0,
            4,
            0
          ],
          "split_name": "standard",
          "split_description": "In-distribution positions",
          "phase_prediction_accuracy": 0.9254385964912281
        },
        {
          "num_episodes": 100,
          "success_rate_mean": 0.96,
          "success_rate_std": 0.19595917942265423,
          "success_rate_se": 0.019595917942265423,
          "success_rate_ci_95_lower": 0.9215920008331597,
          "success_rate_ci_95_upper": 0.9984079991668402,
          "avg_steps_mean": 43.93,
          "avg_steps_std": 34.128362105439514,
          "avg_time_mean": 0.09469664812088013,
          "avg_time_std": 0.07882817622991968,
          "avg_collisions": 0.0,
          "grasp_success_rate": 0.0,
          "failures_by_phase": [
            0,
            0,
            0,
            0,
            4,
            0
          ],
          "split_name": "extended",
          "split_description": "Extended position range",
          "phase_prediction_accuracy": 0.9254385964912281
        },
        {
          "num_episodes": 100,
          "success_rate_mean": 0.96,
          "success_rate_std": 0.19595917942265423,
          "success_rate_se": 0.019595917942265423,
          "success_rate_ci_95_lower": 0.9215920008331597,
          "success_rate_ci_95_upper": 0.9984079991668402,
          "avg_steps_mean": 43.93,
          "avg_steps_std": 34.128362105439514,
          "avg_time_mean": 0.09392446041107178,
          "avg_time_std": 0.07077689358545872,
          "avg_collisions": 0.0,
          "grasp_success_rate": 0.0,
          "failures_by_phase": [
            0,
            0,
            0,
            0,
            4,
            0
          ],
          "split_name": "corners",
          "split_description": "Corner positions (hard cases)",