{
  "method": "bc_iql_sweep_K1_noise0.050",
  "num_seeds": 5,
  "episodes_per_seed": 100,
  "total_episodes": 500,
  "all_seed_results": [
    {
      "seed": 42,
      "splits": [
        {
          "num_episodes": 100,
          "success_rate_mean": 0.97,
          "success_rate_std": 0.17058722109231983,
          "success_rate_se": 0.017058722109231983,
          "success_rate_ci_95_lower": 0.9365649046659053,
          "success_rate_ci_95_upper": 1.0,
          "avg_steps_mean": 44.78,
          "avg_steps_std": 34.09269129886932,
          "avg_time_mean": 0.09977965593338013,
          "avg_time_std": 0.07445573000276094,
          "avg_collisions": 0.0,
          "grasp_success_rate": 0.0,
          "failures_by_phase": [
            0,
            0,
            0,
            0,
            3,
            0
          ],
          "split_name": "standard",
          "split_description": "In-distribution positions",
          "phase_prediction_accuracy": 0.9269662921348315
        },
        {
          "num_episodes": 100,
          "success_rate_mean": 0.97,
          "success_rate_std": 0.17058722109231983,
          "success_rate_se": 0.017058722109231983,
          "success_rate_ci_95_lower": 0.9365649046659053,
          "success_rate_ci_95_upper": 1.0,
          "avg_steps_mean": 44.78,
          "avg_steps_std": 34.09269129886932,
          "avg_time_mean": 0.09833215951919555,
          "avg_time_std": 0.08519877967093721,
          "avg_collisions": 0.0,
          "grasp_success_rate": 0.0,
          "failures_by_phase": [
            0,
            0,
            0,
            0,
            3,
            0
          ],
          "split_name": "extended",
          "split_description": "Extended position range",
          "phase_prediction_accuracy": 0.9269662921348315
        },
        {
          "num_episodes": 100,
          "success_rate_mean": 0.97,
          "success_rate_std": 0.17058722109231983,
          "success_rate_se": 0.017058722109231983,
          "success_rate_ci_95_lower": 0.9365649046659053,
          "success_rate_ci_95_upper": 1.0,
          "avg_steps_mean": 44.78,
          "avg_steps_std": 34.09269129886932,
          "avg_time_mean": 0.09723968267440795,
          "avg_time_std": 0.07414118668811594,
          "avg_collisions": 0.0,
          "grasp_success_rate": 0.0,
          "failures_by_phase": [
            0,
            0,
            0,
            0,
            3,
            0
          ],
          "split_name": "corners",
          "split_description": "Corner positions (hard cases)",
          "phase_prediction_accuracy": 0.9269662921348315
        }
      ],
      "mean_success_across_splits": 0.9700000000000001,
      "std_success_across_splits": 1.1102230246251565e-16
    },
    {
      "seed": 123,
      "splits": [
        {
          "num_episodes": 100,
          "success_rate_mean": 0.95,
          "success_rate_std": 0.21794494717703372,
          "success_rate_se": 0.021794494717703373,
          "success_rate_ci_95_lower": 0.9072827903533014,
          "success_rate_ci_95_upper": 0.9927172096466985,
          "avg_steps_mean": 45.34,
          "avg_steps_std": 37.001681042893175,
          "avg_time_mean": 0.0971297264099121,
          "avg_time_std": 0.07843583617807476,
          "avg_collisions": 0.0,
          "grasp_success_rate": 0.0,
          "failures_by_phase": [
            0,
            0,
            0,
            0,
            5,
            0
          ],
          "split_name": "standard",
          "split_description": "In-distribution positions",
          "phase_prediction_accuracy": 0.9138576779026217
        },
        {
          "num_episodes": 100,
          "success_rate_mean": 0.95,
          "success_rate_std": 0.21794494717703372,
          "success_rate_se": 0.021794494717703373,
          "success_rate_ci_95_lower": 0.9072827903533014,
          "success_rate_ci_95_upper": 0.9927172096466985,
          "avg_steps_mean": 45.34,
          "avg_steps_std": 37.001681042893175,
          "avg_time_mean": 0.09515295267105102,
          "avg_time_std": 0.074460081357358,
          "avg_collisions": 0.0,
          "grasp_success_rate": 0.0,
          "failures_by_phase": [
            0,
            0,
            0,
            0,
            5,
            0
          ],
          "split_name": "extended",
          "split_description": "Extended position range",
          "phase_prediction_accuracy": 0.9138576779026217
        },
        {
          "num_episodes": 100,
          "success_rate_mean": 0.95,
          "success_rate_std": 0.21794494717703372,
          "success_rate_se": 0.021794494717703373,
          "success_rate_ci_95_lower": 0.9072827903533014,
          "success_rate_ci_95_upper": 0.9927172096466985,
          "avg_steps_mean": 45.34,
          "avg_steps_std": 37.001681042893175,
          "avg_time_mean": 0.10282444238662719,
          "avg_time_std": 0.08927458833432717,
          "avg_collisions": 0.0,
          "grasp_success_rate": 0.0,
          "failures_by_phase": [
            0,
            0,
            0,
            0,
            5,
            0
          ],
          "split_name": "corners",
          "split_description": "Corner positions (hard cases)",
          "phase_prediction_accuracy": 0.9138576779026217
        }
      ],
      "mean_success_across_splits": 0.9499999999999998,
      "std_success_across_splits": 1.1102230246251565e-16
    },
    {
      "seed": 456,
      "splits": [
        {
          "num_episodes": 100,
          "success_rate_mean": 0.96,
          "success_rate_std": 0.19595917942265423,
          "success_rate_se": 0.019595917942265423,
          "success_rate_ci_95_lower": 0.9215920008331597,
          "success_rate_ci_95_upper": 0.9984079991668402,
          "avg_steps_mean": 43.93,
          "avg_steps_std": 34.128362105439514,
          "avg_time_mean": 0.10026360511779785,
          "avg_time_std": 0.09178165834432601,
          "avg_collisions": 0.0,
          "grasp_success_rate": 0.0,
          "failures_by_phase": [
            0,
            0,
            0,
            0,
            4,
            0
          ],
          "split_name": "standard",
          "split_description": "In-distribution positions",
          "phase_prediction_accuracy": 0.9254385964912281
        },
        {
          "num_episodes": 100,
          "success_rate_mean": 0.96,
          "success_rate_std": 0.19595917942265423,
          "success_rate_se": 0.019595917942265423,
          "success_rate_ci_95_lower": 0.9215920008331597,
          "success_rate_ci_95_upper": 0.9984079991668402,
          "avg_steps_mean": 43.93,
          "avg_steps_std": 34.128362105439514,
          "avg_time_mean": 0.09631766319274902,
          "avg_time_std": 0.07965952581685877,
          "avg_collisions": 0.0,
          "grasp_success_rate": 0.0,
          "failures_by_phase": [
            0,
            0,
            0,
            0,
            4,
            0
          ],
          "split_name": "extended",
          "split_description": "Extended position range",
          "phase_prediction_accuracy": 0.9254385964912281
        },
        {
          "num_episodes": 100,
          "success_rate_mean": 0.96,
          "success_rate_std": 0.19595917942265423,
          "success_rate_se": 0.019595917942265423,
          "success_rate_ci_95_lower": 0.9215920008331597,
          "success_rate_ci_95_upper": 0.9984079991668402,
          "avg_steps_mean": 43.93,
          "avg_steps_std": 34.128362105439514,
          "avg_time_mean": 0.08375326871871948,
          "avg_time_std": 0.06459373147711567,
          "avg_collisions": 0.0,
          "grasp_success_rate": 0.0,
          "failures_by_phase": [
            0,
            0,
            0,
            0,
            4,
            0
          ],
          "split_name": "corners",
          "split_description": "Corner positions (hard cases)",